age_months,powertrain,vehicle_type,miles25,miles50,miles75
0,bev,car,97,776,793
0,bev,suv,7.75,8,834
0,conventional,car,66,1812,4049
0,conventional,pickup,37,992,2920
0,conventional,suv,17.5,1693,5246
0,hybrid,car,85.5,458,4054.25
0,hybrid,suv,6,6,6
0,phev,car,2084,2375,7442
1,bev,car,4.25,27.5,600.25
1,bev,suv,32,115.5,1236.5
1,conventional,car,25,1777,4408.25
1,conventional,pickup,10,517.5,2771.75
1,conventional,suv,20,2027,5300
1,hybrid,car,45.5,2014,2459
1,hybrid,suv,5,113,2215
1,phev,car,2015,3318,7430
2,bev,car,6,231,1896
2,bev,suv,21.75,507,2435
2,conventional,car,207,2855,6225.5
2,conventional,pickup,36,1333,3750.5
2,conventional,suv,185,2873,8787
2,hybrid,car,140,2149.5,4441.75
2,hybrid,suv,12,791,4267
2,phev,car,2007.5,3239.5,8040
3,bev,car,10,122.5,1016.75
3,bev,suv,62.5,783,1912.5
3,conventional,car,441,3417,7464.5
3,conventional,pickup,264,2426,6261
3,conventional,suv,605.75,4000,11945
3,hybrid,car,435.25,2291.5,7203.75
3,hybrid,suv,10,1120,4213
3,phev,car,2246,5120,9195.5
4,bev,car,8,278.5,2085
4,bev,suv,604.5,2000,3761.5
4,conventional,car,1395,4312,10164
4,conventional,pickup,1000.25,4129.5,11034
4,conventional,suv,1158,5026,13414.5
4,hybrid,car,1184,2638,11878
4,hybrid,suv,179,2679,5009.5
4,phev,car,2010.5,3265,7239
5,bev,car,10,370,2556
5,bev,suv,817,2421.5,4061
5,conventional,car,1955,4850,11988
5,conventional,pickup,1788,6040,12468.5
5,conventional,suv,2350,7070,14552
5,hybrid,car,1068,3708,14393
5,hybrid,suv,795.5,3472,5789.5
5,phev,car,1723.25,2707,6519.75
6,bev,car,49.5,1346.5,3736
6,bev,suv,610,2219,4476
6,conventional,car,2526,5780,13214
6,conventional,pickup,2432,7155.5,13104
6,conventional,suv,3126,8653,15349
6,hybrid,car,2065,5477,15113
6,hybrid,suv,1542,4325,6663
6,phev,car,1905,3048,7408
7,bev,car,190,1287,4089
7,bev,suv,746,2963,5381.75
7,conventional,car,3146.5,6897,14800
7,conventional,pickup,2869.5,7711.5,13538.5
7,conventional,suv,3638,8957,15774
7,hybrid,car,2239.75,6876,15684.5
7,hybrid,suv,1636,4589,7486
7,phev,car,2068.75,3827.5,7500.25
8,bev,car,399.75,2128.5,4920.5
8,bev,suv,1360,3473,6506.5
8,conventional,car,3619,7785,16000
8,conventional,pickup,3092,8073.5,14220
8,conventional,suv,4058,9796,16906
8,hybrid,car,2419,7838,16221
8,hybrid,suv,1066,4568,7732.5
8,phev,car,2076.5,3605,8428.5
9,bev,car,301.5,1688,4930.5
9,bev,suv,1266.5,3784,6644
9,conventional,car,4148,9082,17821
9,conventional,pickup,3476,8701,14901
9,conventional,suv,4700,11410,18674
9,hybrid,car,3329.25,11807.5,19067.25
9,hybrid,suv,2562,4880.5,7681
9,phev,car,2311,5007,9250
10,bev,car,272,1683,5600
10,bev,suv,1692.25,4505,8079.75
10,conventional,car,4592,10269,19387
10,conventional,pickup,4000,9691,15984
10,conventional,suv,5560,13002,20253.5
10,hybrid,car,3745.5,11815,19378.5
10,hybrid,suv,2806,5737,9988
10,phev,car,2837.5,5874,11506.5
11,bev,car,1071.25,3587.5,7233.75
11,bev,suv,2196,5036,9256.5
11,conventional,car,5358,12180,21773
11,conventional,pickup,4755,10790.5,16920.75
11,conventional,suv,6492.5,14310,21815.5
11,hybrid,car,4925,13532,21294.5
11,hybrid,suv,3833,6424,10270
11,phev,car,2891,6675,12139
12,bev,car,1604,4019,8098.5
12,bev,suv,2320,5347,9154
12,conventional,car,6801,14238,24052
12,conventional,pickup,5915,12137,18345
12,conventional,suv,7942,15764.5,23471
12,hybrid,car,9133,17000,25141.5
12,hybrid,suv,4335.25,7356.5,11754.25
12,phev,car,3828,8487,13921
13,bev,car,2640,5227,9155
13,bev,suv,3162.25,6202.5,10569
13,conventional,car,7648,15250,26081
13,conventional,pickup,6998,13065,19681
13,conventional,suv,8900,16454,24596
13,hybrid,car,10672.75,18496,27740.5
13,hybrid,suv,4788,8559,12820
13,phev,car,4503,9712,14997
14,bev,car,2741.25,5754,10123
14,bev,suv,3529,7000,11419
14,conventional,car,8779,16900,28921.25
14,conventional,pickup,7785.25,13880,20599.75
14,conventional,suv,9921,17527,26059
14,hybrid,car,12285.5,20617,30805.5
14,hybrid,suv,5929.5,9727.5,14156
14,phev,car,5958,10332,16462
15,bev,car,2351.75,5527.5,9883.25
15,bev,suv,3335.75,6837.5,11699.5
15,conventional,car,9313,17823,30507
15,conventional,pickup,8375.5,14358,21422
15,conventional,suv,10058,17910,26944
15,hybrid,car,11235,20741,33166
15,hybrid,suv,6617.5,10354,15257.5
15,phev,car,5911,11644.5,17547.5
16,bev,car,2794.75,6314.5,11218.75
16,bev,suv,2645,4547,7789
16,conventional,car,10335,19580,32479
16,conventional,pickup,9145,15043,22096.25
16,conventional,suv,10900,19039,28617
16,hybrid,car,11803,21321,33440
16,hybrid,suv,6931,11021,16355
16,phev,car,6017.5,11505,18383.5
17,bev,car,3075.5,6506.5,11927.25
17,bev,suv,2761.5,5500,9273
17,conventional,car,11389,21275,34068
17,conventional,pickup,9558,15523,22771
17,conventional,suv,11409.25,19783.5,30172
17,hybrid,car,13904,24805,34591
17,hybrid,suv,7854,12040,16842
17,phev,car,6262,11710,18466
18,bev,car,3762,7465.5,12887.5
18,bev,suv,3310,7335,11886
18,conventional,car,12500,23178.5,35309
18,conventional,pickup,9957.75,16017.5,23576.25
18,conventional,suv,12131,20948.5,32000
18,hybrid,car,15955,27080,35768
18,hybrid,suv,8502,12705,17915
18,phev,car,6612.25,12205,18698.5
19,bev,car,3803.5,7683,13478.25
19,bev,suv,4208,7599,12720
19,conventional,car,13000,24201,36370
19,conventional,pickup,10236.25,16378,24358
19,conventional,suv,12388,21288,33124
19,hybrid,car,16784,27655.5,36020.25
19,hybrid,suv,8931,13578,19490
19,phev,car,7385,13009,20753
20,bev,car,4827.25,9311,14625.75
20,bev,suv,4502,8300,12817
20,conventional,car,13709,25612,37844.75
20,conventional,pickup,10934.75,17402,25877
20,conventional,suv,13139,22537,34549
20,hybrid,car,16000,28602,37438.5
20,hybrid,suv,9394,14403,20363
20,phev,car,7725,13890,21959
21,bev,car,5399,10001,15657
21,bev,suv,4900,9539,14880.5
21,conventional,car,14882,27748.5,39321
21,conventional,pickup,11550.25,18009.5,26565
21,conventional,suv,13698,23000,35091.25
21,hybrid,car,16952,29270,38287.5
21,hybrid,suv,10706,15886.5,23322
21,phev,car,8866.75,14561.5,23126.75
22,bev,car,6385,11762,18075
22,bev,suv,6031.75,10450,16799.5
22,conventional,car,15832,29369,40527
22,conventional,pickup,12188,19042.5,27928
22,conventional,suv,14613.5,24252,36654
22,hybrid,car,17379,30137,39440
22,hybrid,suv,10965.5,16384,24118.25
22,phev,car,10548.5,17771,25263.75
23,bev,car,7006,12269,18579.5
23,bev,suv,5856.25,10081,15656.25
23,conventional,car,16835.25,30831,41185
23,conventional,pickup,13212,20281,29323.25
23,conventional,suv,15632,25467,37961
23,hybrid,car,17612.25,30592.5,40039
23,hybrid,suv,12714.75,18173,25514
23,phev,car,10571,17790,25681
24,bev,car,7392.25,12618.5,19504.75
24,bev,suv,6378.75,11405.5,17876
24,conventional,car,17927.75,31797,41425
24,conventional,pickup,14170,21530,30748.5
24,conventional,suv,16208,25870,38177
24,hybrid,car,18418,31813,40894.5
24,hybrid,suv,12730.5,19473,27227.5
24,phev,car,11602.25,18863,28676.25
25,bev,car,8629,14376.5,21001.25
25,bev,suv,6870,12606,19244
25,conventional,car,18476,32000,41718
25,conventional,pickup,15275.25,22888,32294
25,conventional,suv,17000,26504,38607
25,hybrid,car,18835.5,31326,41549
25,hybrid,suv,13413,19858.5,28493.75
25,phev,car,11890,19493.5,29002
26,bev,car,9006,14998,21816
26,bev,suv,8878,15363,22648
26,conventional,car,19421,32986,42398
26,conventional,pickup,16277,24000,33541.5
26,conventional,suv,17735.75,27240,39679
26,hybrid,car,19359.75,32029.5,42125
26,hybrid,suv,14137,21809,30430
26,phev,car,12880.25,20678.5,30238
27,bev,car,8363,14403,21594
27,bev,suv,8204.5,13891.5,20891.25
27,conventional,car,19330,32007,42325
27,conventional,pickup,17156,24934,35000
27,conventional,suv,18102,27393,39981.75
27,hybrid,car,19205.5,30887.5,42254.75
27,hybrid,suv,14789.5,21552,30236.5
27,phev,car,13889.75,22521.5,31252.5
28,bev,car,9686.75,15117,21724.5
28,bev,suv,6656.5,10471,17407.75
28,conventional,car,19374,31003,41638
28,conventional,pickup,17765.75,25471,35106
28,conventional,suv,18532.5,27284,38301
28,hybrid,car,19096.5,30495,42156
28,hybrid,suv,16213.25,23633.5,32378.75
28,phev,car,15338.75,23781.5,33872.75
29,bev,car,9773.5,15494,21788.5
29,bev,suv,6845.75,13131,19325.25
29,conventional,car,19647,30781,41578
29,conventional,pickup,18544,26349,36395
29,conventional,suv,19066,27750,38422
29,hybrid,car,19478.5,29997,42421.75
29,hybrid,suv,17747,24925,34418.5
29,phev,car,17136,25401,34411
30,bev,car,10024.75,15814,22732.5
30,bev,suv,9113,15095,22522.5
30,conventional,car,19787,30422,41671
30,conventional,pickup,19052,27088,37319.25
30,conventional,suv,19634,28311,38852
30,hybrid,car,19940.75,30000,42991.75
30,hybrid,suv,18780,25763,35878.25
30,phev,car,17628.5,26439,35319
31,bev,car,10778.5,17114.5,23962.75
31,bev,suv,9320.75,14831,22951.5
31,conventional,car,20038,30371,41837
31,conventional,pickup,19754,28088,38595
31,conventional,suv,20172,29000,39371
31,hybrid,car,20143,29967,43653
31,hybrid,suv,19930.5,27334,36211.5
31,phev,car,19403,27794.5,36003
32,bev,car,11926.5,18416.5,25934.75
32,bev,suv,10292,16110,23489
32,conventional,car,20480,30600,42200
32,conventional,pickup,20414,29000,40010
32,conventional,suv,21000,29779,40009.75
32,hybrid,car,20405,30326,44027
32,hybrid,suv,20462.5,29255,38374
32,phev,car,20660.75,28399.5,36590
33,bev,car,12808,18590,25686
33,bev,suv,11000,16854,26457
33,conventional,car,20944,30902,42411.25
33,conventional,pickup,21271,30000.5,41360.75
33,conventional,suv,21692.75,30274,40455
33,hybrid,car,20975.5,30488,43311.5
33,hybrid,suv,20784.5,28342,37579.5
33,phev,car,20473,28909,37498
34,bev,car,13602,19710,27393
34,bev,suv,11954.5,16834,25457
34,conventional,car,21515,31332,42853
34,conventional,pickup,21891,30876,42500
34,conventional,suv,22439,31002,41104
34,hybrid,car,21817,31457,44317
34,hybrid,suv,21477,29441,38533
34,phev,car,21321,30235,38576.5
35,bev,car,14250,20196,27687
35,bev,suv,10967.5,17183.5,24715
35,conventional,car,21990.25,31518,42971
35,conventional,pickup,22820,31943,43867
35,conventional,suv,23110,31628,41628
35,hybrid,car,22409.75,32181,44412
35,hybrid,suv,22553.25,31673.5,40403.75
35,phev,car,22092,30073,38330
36,bev,car,13731,20000,27385
36,bev,suv,11707.5,18073,26410
36,conventional,car,22498,31903,43014.25
36,conventional,pickup,23704,32956.5,45171.75
36,conventional,suv,23765.75,32132,42084
36,hybrid,car,22760,32423,44427.5
36,hybrid,suv,23392.5,31525,40024.5
36,phev,car,23264,31189,39698
37,bev,car,14539.5,21214,29265
37,bev,suv,13271.75,19755,27821.25
37,conventional,car,23170,32596,43997
37,conventional,pickup,24640,34197,46796
37,conventional,suv,24410,32869,43021
37,hybrid,car,23202.25,32650.5,44735.25
37,hybrid,suv,23913,31763,41684.75
37,phev,car,23721.5,31780,40073
38,bev,car,15461.5,22248,29996
38,bev,suv,14123.75,20952,30162
38,conventional,car,23669,32916,44361
38,conventional,pickup,25425,34979,47912
38,conventional,suv,24849,33190,43545
38,hybrid,car,24000,33226.5,45257.75
38,hybrid,suv,25114,32741,41380.5
38,phev,car,24000,31714,40000
39,bev,car,16201.75,22831.5,31155.75
39,bev,suv,13818.5,21350,30154
39,conventional,car,23717,32864,44274
39,conventional,pickup,26155,35747,49000
39,conventional,suv,24995,33299,43687
39,hybrid,car,24467.75,33655.5,45231
39,hybrid,suv,25490,33585,43899
39,phev,car,24601,32363,40895.5
40,bev,car,16438.25,23247.5,31439.5
40,bev,suv,19384.25,26942,35596
40,conventional,car,23916,32910,43937
40,conventional,pickup,27130,36499,50000
40,conventional,suv,25541,33762,43973
40,hybrid,car,24909,34000,45932
40,hybrid,suv,24950,33000,42145
40,phev,car,24892.75,32493.5,40994.25
41,bev,car,16305,23125.5,31000
41,bev,suv,19986,28172,37944
41,conventional,car,24121,33175,44400
41,conventional,pickup,27710,37261,51165.25
41,conventional,suv,25837,34037,44379
41,hybrid,car,25654,34881,46955
41,hybrid,suv,26123.25,33269,42148
41,phev,car,24707.5,32384.5,40741.5
42,bev,car,16832.5,23941,31349
42,bev,suv,21085,29596,38343.75
42,conventional,car,24476,33511,45000
42,conventional,pickup,28223,37899.5,52260
42,conventional,suv,26084.75,34383,44977
42,hybrid,car,26058.75,35000,47185.75
42,hybrid,suv,26048,33811.5,43145.75
42,phev,car,24521,32434,41611
43,bev,car,17400.25,24488.5,32076
43,bev,suv,21381,30217,40040
43,conventional,car,24875,34000,45867
43,conventional,pickup,28760,38655,53319
43,conventional,suv,26391,34791,45691
43,hybrid,car,26563.75,35305.5,48001.5
43,hybrid,suv,26783.75,34560.5,44354
43,phev,car,24736.5,32523,41504.5
44,bev,car,17732,25008,32935
44,bev,suv,22388,30790,40614.5
44,conventional,car,25340,34620,47157
44,conventional,pickup,29376,39622.5,54869
44,conventional,suv,27001,35451,47108
44,hybrid,car,26949.5,35804,48394.25
44,hybrid,suv,27769.75,35262.5,44645.75
44,phev,car,25000,32496,41176
45,bev,car,18521.75,25917,33971.25
45,bev,suv,23273,32066,42002
45,conventional,car,25866,35206,48627
45,conventional,pickup,29910,40572,56342.75
45,conventional,suv,27573,36133,48895
45,hybrid,car,27694,36230,50047
45,hybrid,suv,26366,35742,47959
45,phev,car,25402,32789,41450
46,bev,car,18627.25,26412.5,34396.25
46,bev,suv,23075,32751,42450
46,conventional,car,26392,35926.5,50280
46,conventional,pickup,30604,41740,58126
46,conventional,suv,28199,37056,50465
46,hybrid,car,28017,36964,51266
46,hybrid,suv,29000,37851.5,50749.25
46,phev,car,25423,33406,42411
47,bev,car,19183.25,26747,34948.25
47,bev,suv,24403,32016,40559.5
47,conventional,car,27217,37000,52433
47,conventional,pickup,31396,42971,59619
47,conventional,suv,29000,38287,52350
47,hybrid,car,28922.5,37998,53000
47,hybrid,suv,28436.25,39853.5,53009.5
47,phev,car,26326.5,33786,43033
48,bev,car,19183,26996.5,35351.5
48,bev,suv,23908.75,33933,43219.5
48,conventional,car,28125,38760,55000
48,conventional,pickup,32181,44334,61699.75
48,conventional,suv,29818,39740,54737.5
48,hybrid,car,29251.5,38891,54769.75
48,hybrid,suv,29284,39395,51101
48,phev,car,26802,34709,44328
49,bev,car,20000,27947.5,36404
49,bev,suv,23521.5,32668,43351.25
49,conventional,car,29748,41441,58687
49,conventional,pickup,33466.75,46232,64404
49,conventional,suv,31222,42226,58282
49,hybrid,car,30650,41260,58159.75
49,hybrid,suv,31360,42020,54875
49,phev,car,26686,35217,45343
50,bev,car,20673.25,28578,37918.5
50,bev,suv,26423,35164,44575
50,conventional,car,30976,43684,61737
50,conventional,pickup,34370.5,47949,66664
50,conventional,suv,32462,44512,61260
50,hybrid,car,31874,43422,61548.5
50,hybrid,suv,32909.5,44305.5,59690.5
50,phev,car,27908,36452,47941.5
51,bev,car,21541.75,29256.5,37791.25
51,bev,suv,25984.25,34937,44953.75
51,conventional,car,32002,45363,63444
51,conventional,pickup,35839,50057,69573
51,conventional,suv,33527,46079,63128.5
51,hybrid,car,32682.25,44898.5,62931.75
51,hybrid,suv,35026,47582,62749
51,phev,car,27419,36801.5,50009
52,bev,car,21399,29157,37874
52,bev,suv,26260.5,35240,45060
52,conventional,car,33517.5,47602,65802
52,conventional,pickup,36786,51131,70545
52,conventional,suv,35141,48225,65698
52,hybrid,car,33282,45885,65000
52,hybrid,suv,34670,47461,60131
52,phev,car,28186,38247,52062
53,bev,car,20915.5,28794.5,37317.25
53,bev,suv,27000,37326,48177
53,conventional,car,35189.25,49848.5,68075
53,conventional,pickup,38325,53594,73421
53,conventional,suv,36579,50377,68199
53,hybrid,car,35000,48659.5,67849
53,hybrid,suv,36381,46903,64872
53,phev,car,29983,40285,55207
54,bev,car,21506.5,29053,37429.5
54,bev,suv,26600,38075,49860
54,conventional,car,36541,51582,70031.5
54,conventional,pickup,39948.5,55413,74967
54,conventional,suv,38447,52764,70360.75
54,hybrid,car,36746.5,51114.5,70190.5
54,hybrid,suv,36795.5,49849,63098.25
54,phev,car,30927.5,42891,57684.5
55,bev,car,21000,29240,38215
55,bev,suv,29407.5,39818,49243
55,conventional,car,37974,53343,71686.5
55,conventional,pickup,41275,57299,76838
55,conventional,suv,40025.25,54758,72580.25
55,hybrid,car,38518,53036,72402.75
55,hybrid,suv,37721.5,50969,65796.5
55,phev,car,32186,44670,59425.5
56,bev,car,22794,31000,40332
56,bev,suv,29303.5,42673.5,56487.75
56,conventional,car,39000,54755.5,73499.75
56,conventional,pickup,42550,58526,78393
56,conventional,suv,41378,56301,74104
56,hybrid,car,39680,54700.5,74691.5
56,hybrid,suv,37994.5,53241.5,70065.25
56,phev,car,32566,46000,62061
57,bev,car,22945,31450,42005
57,bev,suv,28687,36576,48096.5
57,conventional,car,40111.25,56000,74692
57,conventional,pickup,43938.25,59961,79448.75
57,conventional,suv,42726.5,57898,75564
57,hybrid,car,40873.75,56974,75698.75
57,hybrid,suv,42609,54915,71562.5
57,phev,car,36257.5,49566.5,65295
58,bev,car,24000,32885.5,43398.5
58,bev,suv,32226.25,44110,54317.75
58,conventional,car,40923.75,57020,75608
58,conventional,pickup,44852.5,61234,81470.5
58,conventional,suv,43973,59317,77297.5
58,hybrid,car,41059,57099,77342
58,hybrid,suv,42082,55000,70799.5
58,phev,car,36000,50534,66772
59,bev,car,24961,34273.5,45180.75
59,bev,suv,30689,38484.5,52128.25
59,conventional,car,42119.5,58072,76995.5
59,conventional,pickup,45611.25,62119,82315.25
59,conventional,suv,44858.5,60379,78329.5
59,hybrid,car,42253.5,59595.5,79770
59,hybrid,suv,41827.25,56164.5,70735.5
59,phev,car,37991,52554,68435.75
60,bev,car,26476,35168,46163.5
60,bev,suv,28699.25,41044.5,55452.75
60,conventional,car,42806.25,59140,78000
60,conventional,pickup,46501.75,63501.5,83634
60,conventional,suv,45711.25,61334.5,79523
60,hybrid,car,43000,59503.5,77944
60,hybrid,suv,46789,58564,74029.5
60,phev,car,37813,53083.5,69290
61,bev,car,25937,35136,46915.5
61,bev,suv,32785.5,42819.5,54630.5
61,conventional,car,44550,60885,79612
61,conventional,pickup,47844,65031,85460
61,conventional,suv,47482,63418,81309
61,hybrid,car,44744.75,61160.5,80042.75
61,hybrid,suv,47775,60620,77263
61,phev,car,40683.75,55105.5,71385.75
62,bev,car,26262.5,35973,46611.5
62,bev,suv,30600,40038,54496
62,conventional,car,45900,62734,81707.5
62,conventional,pickup,48657.5,65996,86650.5
62,conventional,suv,48818,65147,83349
62,hybrid,car,45608.5,62647,82031.5
62,hybrid,suv,47927,62819,81510
62,phev,car,41860,55879,72410
63,bev,car,27519.25,36814.5,47993.75
63,bev,suv,32109,42145,53685.5
63,conventional,car,46050,62902.5,82042.25
63,conventional,pickup,49806,67982,88760
63,conventional,suv,48989.75,65662,84148
63,hybrid,car,46000,62757,83049
63,hybrid,suv,49000,63127,79962
63,phev,car,41965.5,56320.5,73464
64,bev,car,27804.5,37749.5,48807.5
64,bev,suv,33271.25,42622.5,55051.25
64,conventional,car,47443,64228,83301.5
64,conventional,pickup,50885.25,68850.5,89589.75
64,conventional,suv,50095,66449,84426
64,hybrid,car,46811,63479,83323.5
64,hybrid,suv,47944,64365,82236
64,phev,car,43605,57643,74536
65,bev,car,27253,37820.5,48544.25
65,bev,suv,32538,44644,56285.5
65,conventional,car,48500.25,65522,84553.5
65,conventional,pickup,51774.75,69661,90605
65,conventional,suv,51253,67749,85833.5
65,hybrid,car,48021.5,65000,84929
65,hybrid,suv,49984.75,65383,82431
65,phev,car,43111.5,59096,76169.25
66,bev,car,28136,37674,50127
66,bev,suv,33796,44500,57056
66,conventional,car,49070,66384,85419
66,conventional,pickup,52490,70671,91698
66,conventional,suv,52000,68789,87033
66,hybrid,car,49360,66966,86878
66,hybrid,suv,48836,65812,82141
66,phev,car,45071.5,59000.5,76066
67,bev,car,29526,39729,50039
67,bev,suv,33917,46492,58051
67,conventional,car,49621.5,67158,86307.5
67,conventional,pickup,53357,71318,92327
67,conventional,suv,53335.5,70054,88354.5
67,hybrid,car,49294.5,67597,87444.5
67,hybrid,suv,51000,66555,84528
67,phev,car,46355.5,59702,75980.75
68,bev,car,29755,39448,51099
68,bev,suv,36827,48252,66847
68,conventional,car,49993.5,67819,87405.5
68,conventional,pickup,54065.5,72532,93257
68,conventional,suv,53833.5,70831,89428
68,hybrid,car,50555,68482,88919.5
68,hybrid,suv,48732.25,65818.5,84584
68,phev,car,47256.5,62763,79024
69,bev,car,32000,41927,53627
69,bev,suv,36303.5,52265,62481
69,conventional,car,51014,68990,88363.5
69,conventional,pickup,54997.25,73697.5,94337.25
69,conventional,suv,54839,72040,90533
69,hybrid,car,51624,69184,89438
69,hybrid,suv,51370.5,71269.5,92798.5
69,phev,car,44299,60194,76386
70,bev,car,30050,40291,53552
70,bev,suv,40568,51660.5,67005.5
70,conventional,car,51531,69584.5,89288
70,conventional,pickup,55703.75,74738.5,95994.25
70,conventional,suv,55863,73047,91513
70,hybrid,car,51412,70964,90476.5
70,hybrid,suv,52160.5,68685.5,87975.5
70,phev,car,47735,64353,84577.5
71,bev,car,31690,42000,53443.5
71,bev,suv,36865.75,51656,63726.75
71,conventional,car,52120,70278,90164
71,conventional,pickup,56992,75728,96686
71,conventional,suv,56561,73921,92328
71,hybrid,car,50616,69510,89932
71,hybrid,suv,50430.25,68736,85200.25
71,phev,car,48006,62226,80189
72,bev,car,32184.5,42958,54215.5
72,bev,suv,37442.5,48200,67049
72,conventional,car,52999,71122,90915
72,conventional,pickup,57819.75,76645.5,98002.5
72,conventional,suv,57092.75,74751,93465.75
72,hybrid,car,53198,71371.5,91550.5
72,hybrid,suv,54913,72000,87846
72,phev,car,48609,62811.5,79421
73,bev,car,33331.5,43533,55602
73,bev,suv,38623.25,53805.5,66941.75
73,conventional,car,54004.5,72277,92081.5
73,conventional,pickup,58682,77800,99050.25
73,conventional,suv,58147.25,75737.5,94379.25
73,hybrid,car,53976.75,72482.5,92371.25
73,hybrid,suv,51901.25,71234.5,89015.5
73,phev,car,49193,65339,82428
74,bev,car,32322,42555,55347
74,bev,suv,38411.75,54478.5,67621.75
74,conventional,car,55559,74072.5,93974
74,conventional,pickup,59472.75,79003.5,99962.25
74,conventional,suv,59716,77599,95888
74,hybrid,car,54299,73843,94869
74,hybrid,suv,54419,71291,89010
74,phev,car,52016.25,66764.5,84337
75,bev,car,34390,44377,55978
75,bev,suv,39422,53441,67524
75,conventional,car,55751.25,74303.5,94386
75,conventional,pickup,60895,80628,101809.5
75,conventional,suv,60081,77900,96617
75,hybrid,car,54908,74049,94711
75,hybrid,suv,59026,73516,93146.5
75,phev,car,50260.5,67831.5,86001
76,bev,car,34013.5,44000,56288.5
76,bev,suv,49305.5,65200.5,74280
76,conventional,car,57033.5,75422,95526
76,conventional,pickup,61957.5,81571,103084.25
76,conventional,suv,60884,78688,97138
76,hybrid,car,56000,75709.5,96988.25
76,hybrid,suv,55825.5,73590,89545
76,phev,car,50950.5,68785,84282.75
77,bev,car,33819,45049,58570.5
77,bev,suv,39327,51724.5,63778.75
77,conventional,car,57554.25,76100,96280.5
77,conventional,pickup,62146,82002,103828
77,conventional,suv,61802,79639.5,98059
77,hybrid,car,57292,76931,99061
77,hybrid,suv,56948,74274,92501
77,phev,car,51150.5,69943,86481.5
78,bev,car,34031.5,44545,57243
78,bev,suv,69622,72619,73622.5
78,conventional,car,57911.75,76820,96714.5
78,conventional,pickup,62888.75,82761,104830
78,conventional,suv,62489.75,80445,98864.25
78,hybrid,car,58156,76992,98092
78,hybrid,suv,56615,75890,96994
78,phev,car,53407.75,70804,89443.5
79,bev,car,33392,45000,57412
79,bev,suv,42327,45558,61151.5
79,conventional,car,58235,77444,97211.75
79,conventional,pickup,63863.5,83984,105500
79,conventional,suv,63271.5,81359.5,99891
79,hybrid,car,58241,77420,98850
79,hybrid,suv,58179.5,77126.5,95620.5
79,phev,car,52580.5,68508,89567
80,bev,car,34324.25,45598,59218
80,bev,suv,51559,55964,71109.5
80,conventional,car,58853.5,78075,98721.75
80,conventional,pickup,64951,84965,106768
80,conventional,suv,64506,82765,101443
80,hybrid,car,58901,78231.5,100541.25
80,hybrid,suv,60728.25,76737.5,97036.5
80,phev,car,56669,74409,93688.5
81,bev,car,34625,46516,59992.75
81,bev,suv,9559,25436.5,47409.5
81,conventional,car,59759.5,79138,99357
81,conventional,pickup,65088,85199,107919.5
81,conventional,suv,65085.25,83566,102529
81,hybrid,car,60858.5,81738,102568
81,hybrid,suv,60826,78590,97957
81,phev,car,54135,72008.5,92808
82,bev,car,35864,47371,61299.5
82,bev,suv,38221.75,60310.5,68176
82,conventional,car,60000,79753,100061.75
82,conventional,pickup,65749.75,86573.5,109493.5
82,conventional,suv,65979,84400,103476.5
82,hybrid,car,60816.5,79284,101005
82,hybrid,suv,59742,81322,99864
82,phev,car,55998.5,73222.5,91741.5
83,bev,car,36013.5,48082,60188
83,bev,suv,43748,62300,86775.5
83,conventional,car,60496.75,80200.5,100781.25
83,conventional,pickup,66617.5,87295.5,110155.25
83,conventional,suv,66521.5,85111,104294
83,hybrid,car,59908.25,79567,102048.5
83,hybrid,suv,65667.25,82930.5,105880.25
83,phev,car,53476.75,73566.5,94121.25
84,bev,car,36888,48421,63532
84,bev,suv,55594.5,58205,67941.5
84,conventional,car,61476,81067,101847
84,conventional,pickup,67558,88268,111202
84,conventional,suv,66860.25,85512.5,104804.75
84,hybrid,car,61128,81000,103818
84,hybrid,suv,60861.75,80850,98302.25
84,phev,car,54135.5,75285.5,93986
85,bev,car,37683,50359,62637
85,bev,suv,44583.25,60626.5,65261.5
85,conventional,car,62670.5,82146,102601.5
85,conventional,pickup,68808,89694,113164
85,conventional,suv,68264,86979,106552
85,hybrid,car,63000,82000,103480
85,hybrid,suv,60471,83236,100691
85,phev,car,56122.5,75610.5,92907.5
86,bev,car,38722,50152,65000
86,bev,suv,41225,45441,52036
86,conventional,car,63960,84000,104698.5
86,conventional,pickup,69764.25,90542,114098
86,conventional,suv,69962,88882,108273
86,hybrid,car,64099.25,84087.5,106803.5
86,hybrid,suv,65789.5,84750,107800.5
86,phev,car,52953.75,72484.5,93507
87,bev,car,38358,50000,62834
87,bev,suv,40092,56715,62145
87,conventional,car,63857.75,84070.5,105564
87,conventional,pickup,70757.5,91812,115727
87,conventional,suv,70227,89394,109293.5
87,hybrid,car,63155,83274,107631.75
87,hybrid,suv,61652.5,84614,103397
87,phev,car,53045,72902,90697.5
88,bev,car,38379,50015,63801
88,bev,suv,24925,43670,60427
88,conventional,car,65541.75,85350,106477.25
88,conventional,pickup,71101,92062,115778
88,conventional,suv,70838,89801,109854
88,hybrid,car,64024.75,85805.5,109199
88,hybrid,suv,62730.5,84250,100725.5
88,phev,car,59513,78282,96088
89,bev,car,39242.5,53048,65543.5
89,bev,suv,28669,60284,69814
89,conventional,car,65787,85950,107263
89,conventional,pickup,72223.75,93198.5,117486
89,conventional,suv,71386.75,90216,110663.5
89,hybrid,car,65646,85823,110873.5
89,hybrid,suv,65185,82203,105956
89,phev,car,61105,79119,99979.25
90,bev,car,39175,50358,64676
90,bev,suv,49192.5,57486,60408
90,conventional,car,65988,86105,107454.5
90,conventional,pickup,72637.5,94299,118527.5
90,conventional,suv,72174.75,91239,111747
90,hybrid,car,63498,84725,108900.75
90,hybrid,suv,59204.5,78439.5,105535.75
90,phev,car,59926.75,79992,98696
91,bev,car,38659,51971,66215
91,bev,suv,42114,49254,56821.5
91,conventional,car,66333,87022.5,108644.25
91,conventional,pickup,72855,94690.5,119141.5
91,conventional,suv,73025.5,92290,112684
91,hybrid,car,65597,87415,111340
91,hybrid,suv,64395,82450,106807.5
91,phev,car,58110.25,77772,96736.5
92,bev,car,38994.75,52129.5,67033.25
92,bev,suv,46498.5,60664,69719.5
92,conventional,car,67482,87901,109915
92,conventional,pickup,73562,94710,120358
92,conventional,suv,73892,93407,114226.5
92,hybrid,car,64781.5,87174,112492.5
92,hybrid,suv,61872.5,82933,107622.5
92,phev,car,63104.5,83659,104240.5
93,bev,car,39292,51752.5,67250
93,bev,suv,47842,64034,81166.5
93,conventional,car,67844.5,88370,110054.5
93,conventional,pickup,73916,95796,121282
93,conventional,suv,74500.5,93839,114553.25
93,hybrid,car,64457.5,87119.5,112227.5
93,hybrid,suv,73529,83600,106999
93,phev,car,57689.5,77498,100315.5
94,bev,car,40848.5,55151.5,71651.25
94,bev,suv,61043.25,70177,79776.25
94,conventional,car,67899.25,88737,110914
94,conventional,pickup,74356.75,96914.5,122171
94,conventional,suv,74640,94000,114882.5
94,hybrid,car,64967,88820,114974
94,hybrid,suv,67035.25,83591.5,102415.75
94,phev,car,59887.5,81132.5,98979
95,bev,car,44312,56620,71066
95,bev,suv,87119.5,91665,102824.5
95,conventional,car,67777,88791,110980
95,conventional,pickup,75536.5,97225,122660
95,conventional,suv,75249,94744,115832
95,hybrid,car,66673.25,90384.5,116296.75
95,hybrid,suv,65788.75,85631,106097.5
95,phev,car,56928,76534,95880
96,bev,car,41552,53016,70889
96,bev,suv,47947.75,64785,76436.25
96,conventional,car,68800,89729.5,111972
96,conventional,pickup,75746,98592.5,125000
96,conventional,suv,75143.5,94895.5,116866
96,hybrid,car,67000,89698,115990.5
96,hybrid,suv,67456,88155,114909
96,phev,car,62888,82200,99853
97,bev,car,41517,53387,68452
97,bev,suv,45033.5,48918.5,66329
97,conventional,car,69748,90700,113048.25
97,conventional,pickup,78017,99511,125917
97,conventional,suv,76468.75,96221,117737
97,hybrid,car,70673,90596,115180
97,hybrid,suv,71993.75,93119.5,111265.5
97,phev,car,65339.5,83247,103549
98,bev,car,43138.25,57617,73314
98,bev,suv,59871.75,72776,85806.25
98,conventional,car,71397.75,92144.5,114682
98,conventional,pickup,78775.5,100607,126350.25
98,conventional,suv,78078,97843,119780
98,hybrid,car,70691,93172,119564
98,hybrid,suv,71370,88782,105549
98,phev,car,61351,81173,99191.75
99,bev,car,40390,54002,70660
99,bev,suv,49150,62725,72700
99,conventional,car,71023,92598.5,115779
99,conventional,pickup,80190,103240,129360
99,conventional,suv,78152.5,98237.5,120639
99,hybrid,car,70649.5,92942,118629.5
99,hybrid,suv,73779.75,89396,114395.5
99,phev,car,63685.75,84859.5,104969.5
100,bev,car,43465,55038,72368
100,bev,suv,56610.5,62558,68505.5
100,conventional,car,72637.5,93899.5,116683
100,conventional,pickup,80498,102832,129007
100,conventional,suv,79277.5,99260.5,121501.25
100,hybrid,car,69830.75,94045.5,120512
100,hybrid,suv,76321.5,94245,113480
100,phev,car,65009,88576,107290
101,bev,car,43193,56087,72086
101,bev,suv,72569.5,72775,73839
101,conventional,car,72954.75,94358,117309.25
101,conventional,pickup,80507,103406,129111.5
101,conventional,suv,79442,99624,122054
101,hybrid,car,71523,95341,121040
101,hybrid,suv,63222.5,92003,110415.5
101,phev,car,67766,91238,113557
102,bev,car,39609.25,54198.5,65820.75
102,bev,suv,37521.25,58382,75912.25
102,conventional,car,73006,94451,117362
102,conventional,pickup,81315,105123,131289
102,conventional,suv,80420.25,100212,122980.25
102,hybrid,car,73374,96160,123302
102,hybrid,suv,70543.5,90658,113199
102,phev,car,66762,87934,109260
103,bev,car,43168.5,53929,67466.5
103,bev,suv,86606.5,88213,91681.5
103,conventional,car,72840.75,94458.5,117952.25
103,conventional,pickup,80353,103718,131468
103,conventional,suv,80761.75,100815,123493.75
103,hybrid,car,70947,96001,123243
103,hybrid,suv,65167,85323,116925
103,phev,car,72305,93504,112629.5
104,bev,car,43609.5,55610,74010
104,bev,suv,57075,58675,78385
104,conventional,car,73593.5,95354.5,118995.25
104,conventional,pickup,81745,105801,132887.5
104,conventional,suv,82208.5,102405,125204.5
104,hybrid,car,65747.25,93478,122672.75
104,hybrid,suv,71972.5,95822,118070
104,phev,car,67633,85342,105248.5
105,bev,car,46511.25,59089,78908.5
105,bev,suv,70845,71557,77498.5
105,conventional,car,72828,95103,118284
105,conventional,pickup,81845.5,104698,131905
105,conventional,suv,80600,101260,124577
105,hybrid,car,75497,98533,127971
105,phev,car,72256.5,89485,113940
106,bev,car,47298,59229,77449
106,bev,suv,68276.75,79658,91658.75
106,conventional,car,73341,95919,119523
106,conventional,pickup,81204.25,106095,133000.75
106,conventional,suv,81683.5,102300,125459.5
106,hybrid,car,73491.5,97000,121638.5
106,phev,car,60514,88027,111315
107,bev,car,45043.5,59713.5,76284.75
107,bev,suv,77745,85490,93235
107,conventional,car,73330,95065,119427
107,conventional,pickup,82589,105973.5,133637.75
107,conventional,suv,82202.75,102841.5,126080.25
107,hybrid,car,72973,98286,124523.25
107,phev,car,67883,90977,108449.5
108,bev,car,44348.5,58171,76750.75
108,bev,suv,57145.25,63136.5,69127.75
108,conventional,car,74516,96838,120386
108,conventional,pickup,81895,107437,134987
108,conventional,suv,83431,103051,126488
108,hybrid,car,74926.5,96641,121551
108,phev,car,68093,90150,106671
