quantile,dvmt,powertrain,vehicle_type
1,3.1824644549763033,all,all
2,5.805819838740382,all,all
3,7.575757575757576,all,all
4,8.971050887843045,all,all
5,10.139648626182291,all,all
6,11.163076923076924,all,all
7,12.073319559768136,all,all
8,12.899551831227242,all,all
9,13.65940370303745,all,all
10,14.364341085271317,all,all
11,15.026296018031555,all,all
12,15.649875131171523,all,all
13,16.242174973054063,all,all
14,16.806603773584907,all,all
15,17.343941248470014,all,all
16,17.86056338028169,all,all
17,18.361581920903955,all,all
18,18.84375,all,all
19,19.310259852808933,all,all
20,19.763054932039587,all,all
21,20.203803257491504,all,all
22,20.63410889987711,all,all
23,21.053963463740832,all,all
24,21.46686580148487,all,all
25,21.871794871794872,all,all
26,22.2707182320442,all,all
27,22.66179884086918,all,all
28,23.04689840192688,all,all
29,23.42778861920888,all,all
30,23.804947534402707,all,all
31,24.179620034542314,all,all
32,24.550675675675677,all,all
33,24.920220604053533,all,all
34,25.28715365239295,all,all
35,25.65214529506305,all,all
36,26.015591896754195,all,all
37,26.378896882494004,all,all
38,26.741329479768787,all,all
39,27.10414954643367,all,all
40,27.469957899517034,all,all
41,27.8375869402646,all,all
42,28.206097746887757,all,all
43,28.577263496254233,all,all
44,28.949427122718483,all,all
45,29.324399260628468,all,all
46,29.70209753174373,all,all
47,30.08363945088439,all,all
48,30.46853146853147,all,all
49,30.857548726832924,all,all
50,31.25,all,all
51,31.646858109816634,all,all
52,32.04729537117292,all,all
53,32.453235964900394,all,all
54,32.86505771501767,all,all
55,33.28313253012048,all,all
56,33.70786516853933,all,all
57,34.13948235194004,all,all
58,34.57642211819613,all,all
59,35.0220896608575,all,all
60,35.477814290796246,all,all
61,35.94041784867872,all,all
62,36.41143911439114,all,all
63,36.89040759153856,all,all
64,37.38219482434007,all,all
65,37.88307242574723,all,all
66,38.39495798319328,all,all
67,38.92,all,all
68,39.458506650007635,all,all
69,40.01244019138756,all,all
70,40.58325385858386,all,all
71,41.17006802721088,all,all
72,41.77255542191339,all,all
73,42.396877503636674,all,all
74,43.040464172157606,all,all
75,43.707506806690006,all,all
76,44.395636192649974,all,all
77,45.11176470588235,all,all
78,45.85537918871252,all,all
79,46.62820512820513,all,all
80,47.432542816358776,all,all
81,48.273563218390805,all,all
82,49.15353796487492,all,all
83,50.078947368421055,all,all
84,51.05769230769231,all,all
85,52.09100144944563,all,all
86,53.1875,all,all
87,54.35985571899364,all,all
88,55.62031808164713,all,all
89,56.98562467099491,all,all
90,58.47799672589642,all,all
91,60.12453522339554,all,all
92,61.962126737217936,all,all
93,64.04797820563414,all,all
94,66.47378277153558,all,all
95,69.35193896526697,all,all
96,72.9229276952212,all,all
97,77.6,all,all
98,84.52523341197686,all,all
99,97.6201326816201,all,all
1,0.7197197449259143,bev_all,car
2,1.9632278737797355,bev_all,car
3,3.1386898194624573,bev_all,car
4,4.127784964058587,bev_all,car
5,4.966031941031941,bev_all,car
6,5.669739809430202,bev_all,car
7,6.296385856889636,bev_all,car
8,6.863360563507994,bev_all,car
9,7.356820382110161,bev_all,car
10,7.823062046528296,bev_all,car
11,8.235810245481098,bev_all,car
12,8.658736141906873,bev_all,car
13,9.025898777019613,bev_all,car
14,9.384853714356405,bev_all,car
15,9.73266708632703,bev_all,car
16,10.061913081269013,bev_all,car
17,10.385195993460277,bev_all,car
18,10.689317338786266,bev_all,car
19,10.982972175623301,bev_all,car
20,11.268623024830699,bev_all,car
21,11.557738124048,bev_all,car
22,11.83416900513581,bev_all,car
23,12.096783820536139,bev_all,car
24,12.35508344774981,bev_all,car
25,12.609406952965236,bev_all,car
26,12.867256206163404,bev_all,car
27,13.116301679586563,bev_all,car
28,13.36174053526794,bev_all,car
29,13.612400564867453,bev_all,car
30,13.848681633857078,bev_all,car
31,14.08196419991289,bev_all,car
32,14.316976618923878,bev_all,car
33,14.549036982923937,bev_all,car
34,14.781621439766107,bev_all,car
35,15.010282544229751,bev_all,car
36,15.24557449938114,bev_all,car
37,15.464466126802293,bev_all,car
38,15.687624585240494,bev_all,car
39,15.913117660391963,bev_all,car
40,16.13669573180443,bev_all,car
41,16.356737624976162,bev_all,car
42,16.573720186813752,bev_all,car
43,16.785379568884725,bev_all,car
44,17.003818288256646,bev_all,car
45,17.213815373815375,bev_all,car
46,17.429688384411655,bev_all,car
47,17.652178820642586,bev_all,car
48,17.87085248549508,bev_all,car
49,18.090371226804745,bev_all,car
50,18.317682926829267,bev_all,car
51,18.543786148670076,bev_all,car
52,18.76201031982361,bev_all,car
53,18.9873417721519,bev_all,car
54,19.211890458127375,bev_all,car
55,19.431455940500847,bev_all,car
56,19.646300228963938,bev_all,car
57,19.875793010610614,bev_all,car
58,20.11156701845228,bev_all,car
59,20.339218519021628,bev_all,car
60,20.582110085856186,bev_all,car
61,20.811428268111662,bev_all,car
62,21.069174511144226,bev_all,car
63,21.317050499130303,bev_all,car
64,21.569180217061383,bev_all,car
65,21.826854042295476,bev_all,car
66,22.088387970476518,bev_all,car
67,22.36001315447858,bev_all,car
68,22.6335173335057,bev_all,car
69,22.913224539769995,bev_all,car
70,23.202394821169374,bev_all,car
71,23.485754394890286,bev_all,car
72,23.792171125871068,bev_all,car
73,24.105384494169556,bev_all,car
74,24.42539031380042,bev_all,car
75,24.75365344467641,bev_all,car
76,25.092338804298123,bev_all,car
77,25.43409474309903,bev_all,car
78,25.797912577650813,bev_all,car
79,26.17980820745591,bev_all,car
80,26.57649665681855,bev_all,car
81,27.001416563478188,bev_all,car
82,27.438363712217743,bev_all,car
83,27.89582248115147,bev_all,car
84,28.38884419232978,bev_all,car
85,28.88910782703886,bev_all,car
86,29.423042906178487,bev_all,car
87,30.007197511146007,bev_all,car
88,30.639988692579507,bev_all,car
89,31.333874179976853,bev_all,car
90,32.075771226788056,bev_all,car
91,32.873812092490176,bev_all,car
92,33.80928661850365,bev_all,car
93,34.887938268627934,bev_all,car
94,36.07658173501048,bev_all,car
95,37.65903883923197,bev_all,car
96,39.61682741375351,bev_all,car
97,42.19192577753468,bev_all,car
98,46.18849415938682,bev_all,car
99,53.618016519445526,bev_all,car
1,0.2983116883116883,bev_all,suv
2,0.9005482902257096,bev_all,suv
3,1.6634227934227932,bev_all,suv
4,2.2628360838311226,bev_all,suv
5,2.900642201834862,bev_all,suv
6,3.4911515151515147,bev_all,suv
7,4.041012562544425,bev_all,suv
8,4.637495667809835,bev_all,suv
9,5.121030997304582,bev_all,suv
10,5.617027699168167,bev_all,suv
11,6.020081296435878,bev_all,suv
12,6.4734420343736065,bev_all,suv
13,6.955665828619318,bev_all,suv
14,7.340915857605178,bev_all,suv
15,7.6973182319695574,bev_all,suv
16,8.098535894843277,bev_all,suv
17,8.471665597819552,bev_all,suv
18,8.855276427709622,bev_all,suv
19,9.243890055103648,bev_all,suv
20,9.583338095382839,bev_all,suv
21,9.970685336780972,bev_all,suv
22,10.296630646953128,bev_all,suv
23,10.69759439610186,bev_all,suv
24,11.070513222900317,bev_all,suv
25,11.43479617753089,bev_all,suv
26,11.735828409601869,bev_all,suv
27,12.086847179656736,bev_all,suv
28,12.404585179403595,bev_all,suv
29,12.763062203737466,bev_all,suv
30,13.133581040186165,bev_all,suv
31,13.43950843373494,bev_all,suv
32,13.76461163633744,bev_all,suv
33,14.069573132188882,bev_all,suv
34,14.38017997927648,bev_all,suv
35,14.711992914182566,bev_all,suv
36,15.013635274618881,bev_all,suv
37,15.319756252706394,bev_all,suv
38,15.618519027214166,bev_all,suv
39,15.95437104423406,bev_all,suv
40,16.2465927066783,bev_all,suv
41,16.54962324966975,bev_all,suv
42,16.831942000993706,bev_all,suv
43,17.112418816226985,bev_all,suv
44,17.418266877616006,bev_all,suv
45,17.703328788911612,bev_all,suv
46,17.9864036817883,bev_all,suv
47,18.258093117408908,bev_all,suv
48,18.5592225772098,bev_all,suv
49,18.866018320820388,bev_all,suv
50,19.166807790008466,bev_all,suv
51,19.48323371892132,bev_all,suv
52,19.824850032237265,bev_all,suv
53,20.128808184143224,bev_all,suv
54,20.456950036934007,bev_all,suv
55,20.79380434467357,bev_all,suv
56,21.13930802577849,bev_all,suv
57,21.490695213990918,bev_all,suv
58,21.81052109334073,bev_all,suv
59,22.140352914755045,bev_all,suv
60,22.42516826598189,bev_all,suv
61,22.762691470956028,bev_all,suv
62,23.11198661245745,bev_all,suv
63,23.47055174318554,bev_all,suv
64,23.80245864372655,bev_all,suv
65,24.083848792602492,bev_all,suv
66,24.478425948008585,bev_all,suv
67,24.809872489507097,bev_all,suv
68,25.165457316427833,bev_all,suv
69,25.524214485727413,bev_all,suv
70,25.924565842438184,bev_all,suv
71,26.3158188494492,bev_all,suv
72,26.69364508432744,bev_all,suv
73,27.14984568364387,bev_all,suv
74,27.56994898800921,bev_all,suv
75,28.050599867496253,bev_all,suv
76,28.48884677607503,bev_all,suv
77,28.90608984888305,bev_all,suv
78,29.337000063083526,bev_all,suv
79,29.84921153070407,bev_all,suv
80,30.405126075886884,bev_all,suv
81,30.900024616814477,bev_all,suv
82,31.426247621919266,bev_all,suv
83,32.02361316357774,bev_all,suv
84,32.61350938741789,bev_all,suv
85,33.16841035225635,bev_all,suv
86,33.86265087853323,bev_all,suv
87,34.53855420748994,bev_all,suv
88,35.341925376211094,bev_all,suv
89,36.33389233954452,bev_all,suv
90,37.363841364093204,bev_all,suv
91,38.44447838077653,bev_all,suv
92,39.71921878862796,bev_all,suv
93,41.084925324675325,bev_all,suv
94,42.70721665056524,bev_all,suv
95,44.51470018975333,bev_all,suv
96,47.06111503811502,bev_all,suv
97,50.159526666666665,bev_all,suv
98,55.31635448827901,bev_all,suv
99,64.79497835688555,bev_all,suv
1,3.0533992106248746,conventional,car
2,5.377515204384644,conventional,car
3,7.045735705867134,conventional,car
4,8.400305161031273,conventional,car
5,9.554006396972444,conventional,car
6,10.56889069221377,conventional,car
7,11.48874901891283,conventional,car
8,12.32159022066909,conventional,car
9,13.095752339812815,conventional,car
10,13.816128808010136,conventional,car
11,14.492141508277133,conventional,car
12,15.131495888980727,conventional,car
13,15.738448894069734,conventional,car
14,16.318576540074183,conventional,car
15,16.876056338028167,conventional,car
16,17.40644038294169,conventional,car
17,17.920503211126103,conventional,car
18,18.418201516793065,conventional,car
19,18.90042194092827,conventional,car
20,19.366289293809913,conventional,car
21,19.822222222222223,conventional,car
22,20.26580248416606,conventional,car
23,20.699601965724845,conventional,car
24,21.124503170416098,conventional,car
25,21.54140127388535,conventional,car
26,21.952551108437625,conventional,car
27,22.355876117127444,conventional,car
28,22.75283446712018,conventional,car
29,23.144217144259223,conventional,car
30,23.530436194240536,conventional,car
31,23.915108642793733,conventional,car
32,24.296424150699032,conventional,car
33,24.67618767963956,conventional,car
34,25.05353023499333,conventional,car
35,25.427710843373493,conventional,car
36,25.800389408207813,conventional,car
37,26.172382638022235,conventional,car
38,26.54367488453299,conventional,car
39,26.914893617021278,conventional,car
40,27.28978978978979,conventional,car
41,27.667298810483356,conventional,car
42,28.04642002165113,conventional,car
43,28.42720688595803,conventional,car
44,28.810738970499777,conventional,car
45,29.196771680887267,conventional,car
46,29.58839050131926,conventional,car
47,29.982200240600484,conventional,car
48,30.382575407858155,conventional,car
49,30.785689861560826,conventional,car
50,31.1937893081761,conventional,car
51,31.607582079548262,conventional,car
52,32.02504666816805,conventional,car
53,32.44905227830316,conventional,car
54,32.88113998735907,conventional,car
55,33.32272486134555,conventional,car
56,33.76916016077932,conventional,car
57,34.22510562652444,conventional,car
58,34.686194617755895,conventional,car
59,35.15857669438807,conventional,car
60,35.64076395763677,conventional,car
61,36.1308651328901,conventional,car
62,36.63152153307232,conventional,car
63,37.141886176880774,conventional,car
64,37.663873477922955,conventional,car
65,38.1963336265762,conventional,car
66,38.74185773805016,conventional,car
67,39.302023687306246,conventional,car
68,39.877206401661795,conventional,car
69,40.46868318466403,conventional,car
70,41.07913669064748,conventional,car
71,41.703717405744854,conventional,car
72,42.3479006286816,conventional,car
73,43.01093960190741,conventional,car
74,43.69530622843344,conventional,car
75,44.39851851851852,conventional,car
76,45.1271457564616,conventional,car
77,45.878787878787875,conventional,car
78,46.65703223913562,conventional,car
79,47.458564114999646,conventional,car
80,48.290037831021436,conventional,car
81,49.15657894736842,conventional,car
82,50.060846560846564,conventional,car
83,51.009548826308844,conventional,car
84,52.00569548445654,conventional,car
85,53.05607057541592,conventional,car
86,54.174193548387095,conventional,car
87,55.357581895658306,conventional,car
88,56.62983468242752,conventional,car
89,58.00466879574499,conventional,car
90,59.50285807732742,conventional,car
91,61.15107913669065,conventional,car
92,62.99012779930077,conventional,car
93,65.06437408444913,conventional,car
94,67.47762062172359,conventional,car
95,70.33986128877761,conventional,car
96,73.86860228758633,conventional,car
97,78.4390243902439,conventional,car
98,85.17771702871475,conventional,car
99,97.67888767409801,conventional,car
1,2.581760480189722,conventional,pickup
2,5.55356267281106,conventional,pickup
3,7.469416775884666,conventional,pickup
4,8.958052007872368,conventional,pickup
5,10.18895883565373,conventional,pickup
6,11.2620217438044,conventional,pickup
7,12.195512237178775,conventional,pickup
8,13.046160925630495,conventional,pickup
9,13.824473279330931,conventional,pickup
10,14.544322843926068,conventional,pickup
11,15.217428599623489,conventional,pickup
12,15.850312794366113,conventional,pickup
13,16.455067608568715,conventional,pickup
14,17.02127659574468,conventional,pickup
15,17.562927251124766,conventional,pickup
16,18.08102113761623,conventional,pickup
17,18.579419835943327,conventional,pickup
18,19.066931530061503,conventional,pickup
19,19.537205198010184,conventional,pickup
20,19.991082196656997,conventional,pickup
21,20.43664161268004,conventional,pickup
22,20.869565217391305,conventional,pickup
23,21.294634257888752,conventional,pickup
24,21.709109730848862,conventional,pickup
25,22.121817686500926,conventional,pickup
26,22.52642011877182,conventional,pickup
27,22.922670526641078,conventional,pickup
28,23.31654503164386,conventional,pickup
29,23.70654603003239,conventional,pickup
30,24.092881268539116,conventional,pickup
31,24.47376851851852,conventional,pickup
32,24.853657170185148,conventional,pickup
33,25.23338976161142,conventional,pickup
34,25.60906971854255,conventional,pickup
35,25.983347208618998,conventional,pickup
36,26.358059118795314,conventional,pickup
37,26.731077153713407,conventional,pickup
38,27.10269772841083,conventional,pickup
39,27.47940718160979,conventional,pickup
40,27.85588012196029,conventional,pickup
41,28.22912376134586,conventional,pickup
42,28.606280337874974,conventional,pickup
43,28.984308392101873,conventional,pickup
44,29.361305215377904,conventional,pickup
45,29.741812912824763,conventional,pickup
46,30.12685399640277,conventional,pickup
47,30.508441860730244,conventional,pickup
48,30.898315128688004,conventional,pickup
49,31.289043100056958,conventional,pickup
50,31.682737899290217,conventional,pickup
51,32.079523871174956,conventional,pickup
52,32.48078054557836,conventional,pickup
53,32.88595796848698,conventional,pickup
54,33.29479874220109,conventional,pickup
55,33.70786516853933,conventional,pickup
56,34.125427015605744,conventional,pickup
57,34.54985067593946,conventional,pickup
58,34.9784791622469,conventional,pickup
59,35.41358325047643,conventional,pickup
60,35.854722884448165,conventional,pickup
61,36.30232463131671,conventional,pickup
62,36.758310081874896,conventional,pickup
63,37.226097715324855,conventional,pickup
64,37.70020828767711,conventional,pickup
65,38.178652940028435,conventional,pickup
66,38.66918128904638,conventional,pickup
67,39.16851290498355,conventional,pickup
68,39.68150309578595,conventional,pickup
69,40.20771466025781,conventional,pickup
70,40.744840028439384,conventional,pickup
71,41.30015468982366,conventional,pickup
72,41.866976885183774,conventional,pickup
73,42.45632660306356,conventional,pickup
74,43.05722825158903,conventional,pickup
75,43.6781578872892,conventional,pickup
76,44.32843503756643,conventional,pickup
77,45,conventional,pickup
78,45.70408323120372,conventional,pickup
79,46.4326686142077,conventional,pickup
80,47.19196571810028,conventional,pickup
81,47.98455729539063,conventional,pickup
82,48.81955804946479,conventional,pickup
83,49.69117647058823,conventional,pickup
84,50.617195544641,conventional,pickup
85,51.60415263385147,conventional,pickup
86,52.64424453529118,conventional,pickup
87,53.76109257428454,conventional,pickup
88,54.96441908773551,conventional,pickup
89,56.281709448670966,conventional,pickup
90,57.72827925214831,conventional,pickup
91,59.33617630836462,conventional,pickup
92,61.14517356572266,conventional,pickup
93,63.201386569526306,conventional,pickup
94,65.56897248320269,conventional,pickup
95,68.4003395609049,conventional,pickup
96,71.93155706145077,conventional,pickup
97,76.54657400257413,conventional,pickup
98,83.14815489970958,conventional,pickup
99,95.07887002260132,conventional,pickup
1,3.734375,conventional,suv
2,6.585783271621452,conventional,suv
3,8.407224279736424,conventional,suv
4,9.804696745562133,conventional,suv
5,10.972504391606197,conventional,suv
6,11.986085146828097,conventional,suv
7,12.879360770704032,conventional,suv
8,13.688269535830056,conventional,suv
9,14.430053331317662,conventional,suv
10,15.11715797430083,conventional,suv
11,15.759977950979984,conventional,suv
12,16.365334334248253,conventional,suv
13,16.93815987933635,conventional,suv
14,17.48382426946336,conventional,suv
15,18.00798950920412,conventional,suv
16,18.51105191109912,conventional,suv
17,18.994807121661722,conventional,suv
18,19.45945945945946,conventional,suv
19,19.910471392519494,conventional,suv
20,20.349032258064515,conventional,suv
21,20.77282864701352,conventional,suv
22,21.187503817959687,conventional,suv
23,21.59526938239159,conventional,suv
24,21.994134897360702,conventional,suv
25,22.384285543714007,conventional,suv
26,22.766871879566125,conventional,suv
27,23.146304499650803,conventional,suv
28,23.51834430856068,conventional,suv
29,23.886513081395346,conventional,suv
30,24.252747252747252,conventional,suv
31,24.6148257563458,conventional,suv
32,24.97512747145104,conventional,suv
33,25.330995792426368,conventional,suv
34,25.686258738407965,conventional,suv
35,26.03968253968254,conventional,suv
36,26.392488227731558,conventional,suv
37,26.743150684931507,conventional,suv
38,27.09475605408948,conventional,suv
39,27.447751843975574,conventional,suv
40,27.801724137931036,conventional,suv
41,28.158090772381723,conventional,suv
42,28.51504424778761,conventional,suv
43,28.87262680515982,conventional,suv
44,29.232668318323345,conventional,suv
45,29.59426910637535,conventional,suv
46,29.959207459207462,conventional,suv
47,30.325581395348838,conventional,suv
48,30.696875944661258,conventional,suv
49,31.070817939809356,conventional,suv
50,31.446985200100585,conventional,suv
51,31.82876959708658,conventional,suv
52,32.21312718533957,conventional,suv
53,32.601494595587056,conventional,suv
54,32.99625965451883,conventional,suv
55,33.395253460408995,conventional,suv
56,33.80196921779465,conventional,suv
57,34.21293712734715,conventional,suv
58,34.630076478250864,conventional,suv
59,35.05571561977374,conventional,suv
60,35.490779298036884,conventional,suv
61,35.93246003425343,conventional,suv
62,36.380974567816295,conventional,suv
63,36.836162909201086,conventional,suv
64,37.30437283944974,conventional,suv
65,37.78174603174603,conventional,suv
66,38.2695049412859,conventional,suv
67,38.76860581081137,conventional,suv
68,39.2819637679079,conventional,suv
69,39.80971659919028,conventional,suv
70,40.35404746856427,conventional,suv
71,40.91228670698512,conventional,suv
72,41.489376756322756,conventional,suv
73,42.083234657337464,conventional,suv
74,42.70084262647304,conventional,suv
75,43.33941566393487,conventional,suv
76,44.003110006901316,conventional,suv
77,44.68981481481482,conventional,suv
78,45.41114001556297,conventional,suv
79,46.15591611573389,conventional,suv
80,46.939234808702174,conventional,suv
81,47.764070181938344,conventional,suv
82,48.62865346269207,conventional,suv
83,49.537513668754,conventional,suv
84,50.50824839974799,conventional,suv
85,51.53597122302158,conventional,suv
86,52.62664772441927,conventional,suv
87,53.79407917838232,conventional,suv
88,55.05297426602659,conventional,suv
89,56.42467927905429,conventional,suv
90,57.92032196417581,conventional,suv
91,59.576736672051695,conventional,suv
92,61.41795123669647,conventional,suv
93,63.51599465128474,conventional,suv
94,65.97267795898794,conventional,suv
95,68.89051300851855,conventional,suv
96,72.52706605522485,conventional,suv
97,77.36757494338664,conventional,suv
98,84.67553292840638,conventional,suv
99,99.12946406663644,conventional,suv
1,4.264640567473737,hybrid,car
2,6.790593966059082,hybrid,car
3,8.500734433699932,hybrid,car
4,9.854526051930106,hybrid,car
5,10.975107286265388,hybrid,car
6,11.935208866155158,hybrid,car
7,12.788748950260336,hybrid,car
8,13.570767582085328,hybrid,car
9,14.302613944347819,hybrid,car
10,14.961585996450596,hybrid,car
11,15.597162163204343,hybrid,car
12,16.1864570819105,hybrid,car
13,16.757161886893595,hybrid,car
14,17.286106597522327,hybrid,car
15,17.806316205533598,hybrid,car
16,18.300448327174898,hybrid,car
17,18.786746147087364,hybrid,car
18,19.244637352313653,hybrid,car
19,19.693204297242033,hybrid,car
20,20.12118217917316,hybrid,car
21,20.559238779737036,hybrid,car
22,20.977576696370555,hybrid,car
23,21.388906396788794,hybrid,car
24,21.79328450414834,hybrid,car
25,22.190650986505826,hybrid,car
26,22.57524147076552,hybrid,car
27,22.952708536950237,hybrid,car
28,23.32929915289086,hybrid,car
29,23.700361061056043,hybrid,car
30,24.06297242382936,hybrid,car
31,24.425763679842184,hybrid,car
32,24.78608428432478,hybrid,car
33,25.146148636923666,hybrid,car
34,25.505715186616335,hybrid,car
35,25.862083136513935,hybrid,car
36,26.22409543127596,hybrid,car
37,26.58322275751207,hybrid,car
38,26.946603723919402,hybrid,car
39,27.312640726700522,hybrid,car
40,27.67796006996803,hybrid,car
41,28.054967467327444,hybrid,car
42,28.432545516245902,hybrid,car
43,28.81759846495379,hybrid,car
44,29.197080291970803,hybrid,car
45,29.586275601178222,hybrid,car
46,29.9785920934588,hybrid,car
47,30.383510929440323,hybrid,car
48,30.785798352375508,hybrid,car
49,31.190566434311087,hybrid,car
50,31.60244899143678,hybrid,car
51,32.0134797458934,hybrid,car
52,32.43757760143789,hybrid,car
53,32.873720459159685,hybrid,car
54,33.31028724142822,hybrid,car
55,33.755666311512485,hybrid,car
56,34.210058245768735,hybrid,car
57,34.665883081119354,hybrid,car
58,35.12991564457842,hybrid,car
59,35.61470847313966,hybrid,car
60,36.09904263153588,hybrid,car
61,36.58971466282086,hybrid,car
62,37.09480457546855,hybrid,car
63,37.609745683255504,hybrid,car
64,38.138114409077716,hybrid,car
65,38.677791656896375,hybrid,car
66,39.232046541343195,hybrid,car
67,39.79993354651678,hybrid,car
68,40.38977189187263,hybrid,car
69,40.983779340501826,hybrid,car
70,41.60009031610637,hybrid,car
71,42.23601416149069,hybrid,car
72,42.89011526329858,hybrid,car
73,43.55327296354185,hybrid,car
74,44.23587974549332,hybrid,car
75,44.931207181207185,hybrid,car
76,45.662034967928825,hybrid,car
77,46.41420940520787,hybrid,car
78,47.198796584449994,hybrid,car
79,48.01481989581714,hybrid,car
80,48.84218018355497,hybrid,car
81,49.717149068805114,hybrid,car
82,50.62161177371703,hybrid,car
83,51.578881676814106,hybrid,car
84,52.57003888888889,hybrid,car
85,53.63323250610692,hybrid,car
86,54.715340365670734,hybrid,car
87,55.90795748943633,hybrid,car
88,57.142857142857146,hybrid,car
89,58.50396269122267,hybrid,car
90,59.99682461043032,hybrid,car
91,61.64210013515651,hybrid,car
92,63.489920250046225,hybrid,car
93,65.5789172083476,hybrid,car
94,67.97191137326666,hybrid,car
95,70.79103527079027,hybrid,car
96,74.24562062317267,hybrid,car
97,78.60250947664464,hybrid,car
98,84.88561395126618,hybrid,car
99,95.92770970747816,hybrid,car
1,0.8899955153707053,hybrid,suv
2,3.6,hybrid,suv
3,5.762055744949495,hybrid,suv
4,7.429955373023317,hybrid,suv
5,8.698822509939852,hybrid,suv
6,9.77449226118188,hybrid,suv
7,10.687810029959918,hybrid,suv
8,11.445553398058252,hybrid,suv
9,12.12695144390342,hybrid,suv
10,12.763796807446315,hybrid,suv
11,13.33505928282244,hybrid,suv
12,13.916175360264203,hybrid,suv
13,14.449074096631893,hybrid,suv
14,14.951076893468487,hybrid,suv
15,15.419950485621786,hybrid,suv
16,15.915020166349052,hybrid,suv
17,16.361418239328998,hybrid,suv
18,16.77962704775183,hybrid,suv
19,17.18728678216433,hybrid,suv
20,17.61175813433878,hybrid,suv
21,18.02077324998681,hybrid,suv
22,18.40505077215993,hybrid,suv
23,18.776292784118443,hybrid,suv
24,19.122064793964398,hybrid,suv
25,19.47557582456619,hybrid,suv
26,19.849543819256347,hybrid,suv
27,20.23597627613953,hybrid,suv
28,20.596430658977663,hybrid,suv
29,20.933450719822815,hybrid,suv
30,21.28399044674051,hybrid,suv
31,21.61357737050757,hybrid,suv
32,21.955026237272715,hybrid,suv
33,22.270726351351353,hybrid,suv
34,22.58703989133965,hybrid,suv
35,22.918582756539358,hybrid,suv
36,23.220688357562526,hybrid,suv
37,23.549014055576748,hybrid,suv
38,23.835552845753938,hybrid,suv
39,24.14780183267526,hybrid,suv
40,24.45497296158438,hybrid,suv
41,24.764344811017537,hybrid,suv
42,25.066617283950617,hybrid,suv
43,25.37064584059511,hybrid,suv
44,25.726363766934515,hybrid,suv
45,26.02808214860645,hybrid,suv
46,26.309918187140028,hybrid,suv
47,26.62012090360269,hybrid,suv
48,26.91376853019476,hybrid,suv
49,27.222581023309214,hybrid,suv
50,27.5100618150263,hybrid,suv
51,27.82,hybrid,suv
52,28.121018580799635,hybrid,suv
53,28.437874735875678,hybrid,suv
54,28.759000228779847,hybrid,suv
55,29.070286905527787,hybrid,suv
56,29.398713940845745,hybrid,suv
57,29.729776271337705,hybrid,suv
58,30.10506099028438,hybrid,suv
59,30.452267776700687,hybrid,suv
60,30.79302910196329,hybrid,suv
61,31.13841024249004,hybrid,suv
62,31.50793969810347,hybrid,suv
63,31.890290487699534,hybrid,suv
64,32.26279962762682,hybrid,suv
65,32.648067056835664,hybrid,suv
66,33.00448698403751,hybrid,suv
67,33.401099652157235,hybrid,suv
68,33.77970687248843,hybrid,suv
69,34.18276913732781,hybrid,suv
70,34.575290951411105,hybrid,suv
71,34.99809400811477,hybrid,suv
72,35.45112288843689,hybrid,suv
73,35.89205902691669,hybrid,suv
74,36.37831421747763,hybrid,suv
75,36.86676664086687,hybrid,suv
76,37.355345070159245,hybrid,suv
77,37.879791228928156,hybrid,suv
78,38.382461845305876,hybrid,suv
79,38.93173160205936,hybrid,suv
80,39.52709999349033,hybrid,suv
81,40.161060538630544,hybrid,suv
82,40.81406482861401,hybrid,suv
83,41.46784511041009,hybrid,suv
84,42.17032171936215,hybrid,suv
85,42.94618812374933,hybrid,suv
86,43.717075872823536,hybrid,suv
87,44.577246485449635,hybrid,suv
88,45.56297009833434,hybrid,suv
89,46.586859653555244,hybrid,suv
90,47.702643882409774,hybrid,suv
91,48.89736360001454,hybrid,suv
92,50.342234152113434,hybrid,suv
93,51.925928997526555,hybrid,suv
94,53.77888412017166,hybrid,suv
95,55.95004143646409,hybrid,suv
96,58.56707002801121,hybrid,suv
97,62.42210323010323,hybrid,suv
98,68.18163870889603,hybrid,suv
99,78.44863918435803,hybrid,suv
1,2.473082015582016,phev,car
2,4.797906555491663,phev,car
3,6.450518484288356,phev,car
4,7.709081009806233,phev,car
5,8.77784076289094,phev,car
6,9.682099085553238,phev,car
7,10.487813208630417,phev,car
8,11.223220087142181,phev,car
9,11.914111499187326,phev,car
10,12.547271242757452,phev,car
11,13.150497219036078,phev,car
12,13.694473243068988,phev,car
13,14.18918918918919,phev,car
14,14.712171220295623,phev,car
15,15.180916520974845,phev,car
16,15.640408184211962,phev,car
17,16.080736919150702,phev,car
18,16.50908021008488,phev,car
19,16.917287277399154,phev,car
20,17.332249197085332,phev,car
21,17.723676232273828,phev,car
22,18.099521795674583,phev,car
23,18.458748112154442,phev,car
24,18.806314955912306,phev,car
25,19.147123131877812,phev,car
26,19.497959255666284,phev,car
27,19.82873260971509,phev,car
28,20.147183042754833,phev,car
29,20.47448786216821,phev,car
30,20.777076934381657,phev,car
31,21.082384718584294,phev,car
32,21.393736593042206,phev,car
33,21.68551089360869,phev,car
34,21.970487764035536,phev,car
35,22.255192878338278,phev,car
36,22.548093223258952,phev,car
37,22.836424721077275,phev,car
38,23.121440029157682,phev,car
39,23.407533491700022,phev,car
40,23.685499575286812,phev,car
41,23.97625900805426,phev,car
42,24.2550206647797,phev,car
43,24.52312874162175,phev,car
44,24.785925761623254,phev,car
45,25.06161448609316,phev,car
46,25.329544256868587,phev,car
47,25.622775800711743,phev,car
48,25.895933478567702,phev,car
49,26.178159323399115,phev,car
50,26.452309581798122,phev,car
51,26.747555685494582,phev,car
52,27.031293654346428,phev,car
53,27.330722530045747,phev,car
54,27.62313706890152,phev,car
55,27.912914459958273,phev,car
56,28.222240541111816,phev,car
57,28.531595269065853,phev,car
58,28.833170835110913,phev,car
59,29.143311754696505,phev,car
60,29.44471262938999,phev,car
61,29.751531227945772,phev,car
62,30.069236939061632,phev,car
63,30.394900093404818,phev,car
64,30.729336356904852,phev,car
65,31.086125261814765,phev,car
66,31.427039111331148,phev,car
67,31.77414713044588,phev,car
68,32.13733719271964,phev,car
69,32.50638041556145,phev,car
70,32.89490700847187,phev,car
71,33.26181954190085,phev,car
72,33.65627092967764,phev,car
73,34.06548155395409,phev,car
74,34.47889603729604,phev,car
75,34.90906699823059,phev,car
76,35.36852331462235,phev,car
77,35.84623338083112,phev,car
78,36.33811964900684,phev,car
79,36.85554304645416,phev,car
80,37.35951526032316,phev,car
81,37.93425244607647,phev,car
82,38.495689608964305,phev,car
83,39.123315650650554,phev,car
84,39.76737166567407,phev,car
85,40.47533597073311,phev,car
86,41.21972904318374,phev,car
87,42.05289679076982,phev,car
88,42.926719323885166,phev,car
89,43.91437773103699,phev,car
90,44.980780345952574,phev,car
91,46.179697836352624,phev,car
92,47.530127780828856,phev,car
93,49.08625146379045,phev,car
94,50.902978036613376,phev,car
95,53.00999929781892,phev,car
96,55.69765102755807,phev,car
97,59.39303972425678,phev,car
98,65.07479853479859,phev,car
99,76.58531255161006,phev,car
1,0.7319180733839415,bev_non_tesla,car
2,2.0459051630931984,bev_non_tesla,car
3,3.114576211228276,bev_non_tesla,car
4,3.982106162029767,bev_non_tesla,car
5,4.730419392597913,bev_non_tesla,car
6,5.367660382356837,bev_non_tesla,car
7,5.934211752401772,bev_non_tesla,car
8,6.45273625861265,bev_non_tesla,car
9,6.9184765228119405,bev_non_tesla,car
10,7.338222141107492,bev_non_tesla,car
11,7.7336953790692595,bev_non_tesla,car
12,8.09049462257415,bev_non_tesla,car
13,8.44875676658863,bev_non_tesla,car
14,8.782567293005378,bev_non_tesla,car
15,9.103369747984278,bev_non_tesla,car
16,9.403810569287415,bev_non_tesla,car
17,9.700640714686536,bev_non_tesla,car
18,9.984633915827928,bev_non_tesla,car
19,10.257714407149585,bev_non_tesla,car
20,10.526231184923232,bev_non_tesla,car
21,10.78215349511876,bev_non_tesla,car
22,11.048874974297862,bev_non_tesla,car
23,11.285000576606262,bev_non_tesla,car
24,11.536936474549393,bev_non_tesla,car
25,11.772051351143274,bev_non_tesla,car
26,11.999050454190225,bev_non_tesla,car
27,12.214160535851544,bev_non_tesla,car
28,12.44482185339908,bev_non_tesla,car
29,12.66685178561821,bev_non_tesla,car
30,12.890200351505122,bev_non_tesla,car
31,13.109065934948253,bev_non_tesla,car
32,13.316427973548329,bev_non_tesla,car
33,13.537409746164881,bev_non_tesla,car
34,13.752252734279075,bev_non_tesla,car
35,13.95713562672729,bev_non_tesla,car
36,14.175385691573926,bev_non_tesla,car
37,14.379221136880256,bev_non_tesla,car
38,14.578633386452342,bev_non_tesla,car
39,14.78534817566793,bev_non_tesla,car
40,14.986278247844796,bev_non_tesla,car
41,15.194308049295627,bev_non_tesla,car
42,15.391846348009103,bev_non_tesla,car
43,15.592703752787312,bev_non_tesla,car
44,15.778881637481547,bev_non_tesla,car
45,15.976145020549678,bev_non_tesla,car
46,16.175032362070212,bev_non_tesla,car
47,16.370659387749114,bev_non_tesla,car
48,16.56598368144912,bev_non_tesla,car
49,16.753154958388425,bev_non_tesla,car
50,16.943859898314468,bev_non_tesla,car
51,17.133219120981728,bev_non_tesla,car
52,17.33246232095825,bev_non_tesla,car
53,17.53130571198713,bev_non_tesla,car
54,17.73359830185917,bev_non_tesla,car
55,17.92652729668182,bev_non_tesla,car
56,18.134985391832785,bev_non_tesla,car
57,18.339519441867033,bev_non_tesla,car
58,18.544630171740828,bev_non_tesla,car
59,18.748560882891923,bev_non_tesla,car
60,18.95427766545463,bev_non_tesla,car
61,19.158610271903324,bev_non_tesla,car
62,19.36036126532715,bev_non_tesla,car
63,19.565698818680776,bev_non_tesla,car
64,19.78726562547019,bev_non_tesla,car
65,20.002280213761484,bev_non_tesla,car
66,20.225123139489277,bev_non_tesla,car
67,20.45287587822014,bev_non_tesla,car
68,20.68381408137877,bev_non_tesla,car
69,20.917919281201254,bev_non_tesla,car
70,21.156659794989306,bev_non_tesla,car
71,21.406489536740985,bev_non_tesla,car
72,21.656218232194277,bev_non_tesla,car
73,21.904413510917184,bev_non_tesla,car
74,22.18024555412235,bev_non_tesla,car
75,22.45629681314064,bev_non_tesla,car
76,22.736866206293193,bev_non_tesla,car
77,23.034069140843943,bev_non_tesla,car
78,23.32588311071763,bev_non_tesla,car
79,23.629014837669168,bev_non_tesla,car
80,23.95214162752377,bev_non_tesla,car
81,24.284073320450155,bev_non_tesla,car
82,24.63942727001443,bev_non_tesla,car
83,24.99861433056612,bev_non_tesla,car
84,25.38363643159265,bev_non_tesla,car
85,25.786324583899216,bev_non_tesla,car
86,26.23168705680667,bev_non_tesla,car
87,26.695343925871054,bev_non_tesla,car
88,27.19925849677748,bev_non_tesla,car
89,27.73825534500856,bev_non_tesla,car
90,28.32981049870987,bev_non_tesla,car
91,28.9882976100905,bev_non_tesla,car
92,29.71701452703727,bev_non_tesla,car
93,30.561760599844668,bev_non_tesla,car
94,31.53641310263272,bev_non_tesla,car
95,32.649984928172124,bev_non_tesla,car
96,34.20230731857698,bev_non_tesla,car
97,36.19587949541417,bev_non_tesla,car
98,39.60184453708253,bev_non_tesla,car
99,46.680170637621984,bev_non_tesla,car
1,0.0722117039586919,bev_non_tesla,suv
2,0.21170359001734956,bev_non_tesla,suv
3,0.34609059296508393,bev_non_tesla,suv
4,0.6135247886080932,bev_non_tesla,suv
5,0.9302670112993682,bev_non_tesla,suv
6,1.2190119464061775,bev_non_tesla,suv
7,1.5545204872646732,bev_non_tesla,suv
8,1.7411620538870418,bev_non_tesla,suv
9,1.9659226551226552,bev_non_tesla,suv
10,2.214644877435575,bev_non_tesla,suv
11,2.5000862068965515,bev_non_tesla,suv
12,2.7135700106886542,bev_non_tesla,suv
13,2.9236124324605273,bev_non_tesla,suv
14,3.1639935082796944,bev_non_tesla,suv
15,3.4071735821586926,bev_non_tesla,suv
16,3.606615150450768,bev_non_tesla,suv
17,3.8132581323673334,bev_non_tesla,suv
18,4.031233755201047,bev_non_tesla,suv
19,4.3355303030303025,bev_non_tesla,suv
20,4.53145367743721,bev_non_tesla,suv
21,4.699919054160126,bev_non_tesla,suv
22,4.908422480620155,bev_non_tesla,suv
23,5.101542207792209,bev_non_tesla,suv
24,5.337924716808555,bev_non_tesla,suv
25,5.5183136676499505,bev_non_tesla,suv
26,5.712224765974766,bev_non_tesla,suv
27,5.844643765903308,bev_non_tesla,suv
28,6.024034516444155,bev_non_tesla,suv
29,6.173236504478334,bev_non_tesla,suv
30,6.372902050955899,bev_non_tesla,suv
31,6.623638108513033,bev_non_tesla,suv
32,6.79867086846051,bev_non_tesla,suv
33,6.988482879537954,bev_non_tesla,suv
34,7.196426858513189,bev_non_tesla,suv
35,7.386267335268959,bev_non_tesla,suv
36,7.563196672856378,bev_non_tesla,suv
37,7.756513265387335,bev_non_tesla,suv
38,7.918361040519042,bev_non_tesla,suv
39,8.12702860727729,bev_non_tesla,suv
40,8.333954794652305,bev_non_tesla,suv
41,8.485185340926098,bev_non_tesla,suv
42,8.736367128982547,bev_non_tesla,suv
43,8.946079003450377,bev_non_tesla,suv
44,9.1478687778847,bev_non_tesla,suv
45,9.364512288054868,bev_non_tesla,suv
46,9.505920206894377,bev_non_tesla,suv
47,9.72949741729493,bev_non_tesla,suv
48,9.977510588235294,bev_non_tesla,suv
49,10.186108901515151,bev_non_tesla,suv
50,10.412731842405343,bev_non_tesla,suv
51,10.692608500616796,bev_non_tesla,suv
52,10.963856436707502,bev_non_tesla,suv
53,11.187321073987741,bev_non_tesla,suv
54,11.438137131245185,bev_non_tesla,suv
55,11.638743915343916,bev_non_tesla,suv
56,11.835662671606014,bev_non_tesla,suv
57,12.056137984875853,bev_non_tesla,suv
58,12.291816224170699,bev_non_tesla,suv
59,12.52819182790224,bev_non_tesla,suv
60,12.745335456168284,bev_non_tesla,suv
61,12.992390686623711,bev_non_tesla,suv
62,13.209050632911392,bev_non_tesla,suv
63,13.462181870017421,bev_non_tesla,suv
64,13.75213326800588,bev_non_tesla,suv
65,13.994777011494254,bev_non_tesla,suv
66,14.286794607810151,bev_non_tesla,suv
67,14.585032463801427,bev_non_tesla,suv
68,14.87231368112856,bev_non_tesla,suv
69,15.210487883479246,bev_non_tesla,suv
70,15.5108024691358,bev_non_tesla,suv
71,15.870039947254101,bev_non_tesla,suv
72,16.156123966942147,bev_non_tesla,suv
73,16.55087500570854,bev_non_tesla,suv
74,16.929117329161876,bev_non_tesla,suv
75,17.32758097855873,bev_non_tesla,suv
76,17.630968578031926,bev_non_tesla,suv
77,17.928531644852402,bev_non_tesla,suv
78,18.46276761297536,bev_non_tesla,suv
79,18.956410418244552,bev_non_tesla,suv
80,19.460632716049385,bev_non_tesla,suv
81,19.945136179189507,bev_non_tesla,suv
82,20.348690716302656,bev_non_tesla,suv
83,20.956549435308105,bev_non_tesla,suv
84,21.51472160539518,bev_non_tesla,suv
85,22.14573497910763,bev_non_tesla,suv
86,22.654859390052398,bev_non_tesla,suv
87,23.220925612197753,bev_non_tesla,suv
88,23.888130368217556,bev_non_tesla,suv
89,24.65948529966076,bev_non_tesla,suv
90,25.42529312679592,bev_non_tesla,suv
91,26.49356903522798,bev_non_tesla,suv
92,27.6151241838433,bev_non_tesla,suv
93,28.964616281238342,bev_non_tesla,suv
94,30.320818276312004,bev_non_tesla,suv
95,31.59850795128832,bev_non_tesla,suv
96,33.42975127942679,bev_non_tesla,suv
97,36.51576514458593,bev_non_tesla,suv
98,40.64129095668906,bev_non_tesla,suv
99,47.87467626266061,bev_non_tesla,suv
1,0.7096915814319434,bev_tesla,car
2,1.7790363938434535,bev_tesla,car
3,3.209377289377289,bev_tesla,car
4,4.582610774956855,bev_tesla,car
5,5.651590765047679,bev_tesla,car
6,6.579831296178622,bev_tesla,car
7,7.317471980615494,bev_tesla,car
8,8.027493654789943,bev_tesla,car
9,8.65965340909091,bev_tesla,car
10,9.17420497660907,bev_tesla,car
11,9.705439869877116,bev_tesla,car
12,10.19075702917772,bev_tesla,car
13,10.646019314819235,bev_tesla,car
14,11.047598135320001,bev_tesla,car
15,11.461792629229748,bev_tesla,car
16,11.8621533250694,bev_tesla,car
17,12.2606288352537,bev_tesla,car
18,12.61066917998105,bev_tesla,car
19,12.974543708380716,bev_tesla,car
20,13.299444444444445,bev_tesla,car
21,13.637807149759785,bev_tesla,car
22,13.933845454704352,bev_tesla,car
23,14.249484412470025,bev_tesla,car
24,14.56333725461629,bev_tesla,car
25,14.873700599899253,bev_tesla,car
26,15.181128985035784,bev_tesla,car
27,15.474069591186357,bev_tesla,car
28,15.782983218332056,bev_tesla,car
29,16.087001280834475,bev_tesla,car
30,16.37632373547725,bev_tesla,car
31,16.6541489445662,bev_tesla,car
32,16.931696195178624,bev_tesla,car
33,17.19391204666319,bev_tesla,car
34,17.45957289700021,bev_tesla,car
35,17.734991025234926,bev_tesla,car
36,17.9930096038283,bev_tesla,car
37,18.28101021287068,bev_tesla,car
38,18.55753824254525,bev_tesla,car
39,18.823444799897924,bev_tesla,car
40,19.093275172330316,bev_tesla,car
41,19.343343694031148,bev_tesla,car
42,19.590776699029128,bev_tesla,car
43,19.839519964703285,bev_tesla,car
44,20.10223226983677,bev_tesla,car
45,20.35005181358722,bev_tesla,car
46,20.60312032605009,bev_tesla,car
47,20.85833077722258,bev_tesla,car
48,21.125089247538273,bev_tesla,car
49,21.39578121629752,bev_tesla,car
50,21.649930264993028,bev_tesla,car
51,21.914799270895244,bev_tesla,car
52,22.18125031878666,bev_tesla,car
53,22.44594650388852,bev_tesla,car
54,22.708021143962334,bev_tesla,car
55,22.963339548760025,bev_tesla,car
56,23.24081571925471,bev_tesla,car
57,23.514745556210585,bev_tesla,car
58,23.793571608266717,bev_tesla,car
59,24.100200215492677,bev_tesla,car
60,24.373335665296636,bev_tesla,car
61,24.678187600269165,bev_tesla,car
62,24.955957864532206,bev_tesla,car
63,25.256828475588797,bev_tesla,car
64,25.53967711923523,bev_tesla,car
65,25.830587004456955,bev_tesla,car
66,26.133878519194003,bev_tesla,car
67,26.45193407907038,bev_tesla,car
68,26.788216147706382,bev_tesla,car
69,27.12133374702658,bev_tesla,car
70,27.454588134869823,bev_tesla,car
71,27.783417890520692,bev_tesla,car
72,28.147634891824122,bev_tesla,car
73,28.528081836908317,bev_tesla,car
74,28.871123072948066,bev_tesla,car
75,29.223549217666864,bev_tesla,car
76,29.611452991452992,bev_tesla,car
77,30.013914880168976,bev_tesla,car
78,30.421669462280583,bev_tesla,car
79,30.859951921295213,bev_tesla,car
80,31.31381455533156,bev_tesla,car
81,31.77892649824217,bev_tesla,car
82,32.263096007913305,bev_tesla,car
83,32.773205626390826,bev_tesla,car
84,33.28860442965216,bev_tesla,car
85,33.85243874172185,bev_tesla,car
86,34.45335463599083,bev_tesla,car
87,35.06785968752564,bev_tesla,car
88,35.75411735030463,bev_tesla,car
89,36.50609289131529,bev_tesla,car
90,37.353472398946096,bev_tesla,car
91,38.26764136230251,bev_tesla,car
92,39.31692540232951,bev_tesla,car
93,40.52908237829946,bev_tesla,car
94,41.87806419545293,bev_tesla,car
95,43.495697598453646,bev_tesla,car
96,45.681293834160165,bev_tesla,car
97,48.38559679788702,bev_tesla,car
98,52.03629846071969,bev_tesla,car
99,58.62076458705773,bev_tesla,car
1,0.6648551392301392,bev_tesla,suv
2,1.9508783913427223,bev_tesla,suv
3,3.0130328122581638,bev_tesla,suv
4,4.049324763287027,bev_tesla,suv
5,4.969684299369324,bev_tesla,suv
6,5.793901296290313,bev_tesla,suv
7,6.462329993210016,bev_tesla,suv
8,7.171600975026445,bev_tesla,suv
9,7.646291354125543,bev_tesla,suv
10,8.25356213517125,bev_tesla,suv
11,8.716766882930676,bev_tesla,suv
12,9.221509099335867,bev_tesla,suv
13,9.65237632048292,bev_tesla,suv
14,10.11657514404352,bev_tesla,suv
15,10.511948529411764,bev_tesla,suv
16,10.993425598303997,bev_tesla,suv
17,11.384465683910335,bev_tesla,suv
18,11.75776487372277,bev_tesla,suv
19,12.176054616890005,bev_tesla,suv
20,12.559227997822326,bev_tesla,suv
21,12.97312803240561,bev_tesla,suv
22,13.337460052294901,bev_tesla,suv
23,13.683361284775355,bev_tesla,suv
24,13.994308318392669,bev_tesla,suv
25,14.316443959640033,bev_tesla,suv
26,14.669126093003857,bev_tesla,suv
27,14.971201597475744,bev_tesla,suv
28,15.269244323957981,bev_tesla,suv
29,15.554922926382618,bev_tesla,suv
30,15.875217164263821,bev_tesla,suv
31,16.193631100082715,bev_tesla,suv
32,16.472129088303003,bev_tesla,suv
33,16.735562175667887,bev_tesla,suv
34,16.988723476698613,bev_tesla,suv
35,17.30138245001707,bev_tesla,suv
36,17.560889822537156,bev_tesla,suv
37,17.841494883076322,bev_tesla,suv
38,18.114081748168985,bev_tesla,suv
39,18.34638983878847,bev_tesla,suv
40,18.625197526989517,bev_tesla,suv
41,18.90805567071365,bev_tesla,suv
42,19.165602318578458,bev_tesla,suv
43,19.460327332338046,bev_tesla,suv
44,19.781155597005004,bev_tesla,suv
45,20.047695345320612,bev_tesla,suv
46,20.356859530405558,bev_tesla,suv
47,20.66783514153885,bev_tesla,suv
48,20.959886344525998,bev_tesla,suv
49,21.28429035213874,bev_tesla,suv
50,21.573684210526316,bev_tesla,suv
51,21.88165766192733,bev_tesla,suv
52,22.166461509504995,bev_tesla,suv
53,22.422577838827838,bev_tesla,suv
54,22.719577348020238,bev_tesla,suv
55,23.01749792000536,bev_tesla,suv
56,23.366136167674117,bev_tesla,suv
57,23.644315003943614,bev_tesla,suv
58,23.929061629174043,bev_tesla,suv
59,24.203249779251436,bev_tesla,suv
60,24.52780985045375,bev_tesla,suv
61,24.825126373256047,bev_tesla,suv
62,25.116588702967555,bev_tesla,suv
63,25.42830522418758,bev_tesla,suv
64,25.76336385144618,bev_tesla,suv
65,26.141025641025642,bev_tesla,suv
66,26.450482319053748,bev_tesla,suv
67,26.772984462510085,bev_tesla,suv
68,27.15874943305983,bev_tesla,suv
69,27.518261458951116,bev_tesla,suv
70,27.938197971670437,bev_tesla,suv
71,28.320007641184205,bev_tesla,suv
72,28.641358977603446,bev_tesla,suv
73,29.071326484128658,bev_tesla,suv
74,29.37482716585299,bev_tesla,suv
75,29.843158125517576,bev_tesla,suv
76,30.323047316944223,bev_tesla,suv
77,30.771260236551925,bev_tesla,suv
78,31.21811040822828,bev_tesla,suv
79,31.644435959191235,bev_tesla,suv
80,32.20196053956445,bev_tesla,suv
81,32.685576764130644,bev_tesla,suv
82,33.15712203601268,bev_tesla,suv
83,33.727240985879206,bev_tesla,suv
84,34.31537130357453,bev_tesla,suv
85,34.908881169299335,bev_tesla,suv
86,35.576934656921566,bev_tesla,suv
87,36.469268387683584,bev_tesla,suv
88,37.33906041197854,bev_tesla,suv
89,38.231862789148316,bev_tesla,suv
90,39.283228116893554,bev_tesla,suv
91,40.345067247386766,bev_tesla,suv
92,41.68093920640699,bev_tesla,suv
93,42.97109393090122,bev_tesla,suv
94,44.53199980577263,bev_tesla,suv
95,46.55322580645159,bev_tesla,suv
96,49.169114560780145,bev_tesla,suv
97,52.331107350096715,bev_tesla,suv
98,57.58143971513108,bev_tesla,suv
99,67.61607572466366,bev_tesla,suv
